Drug,Class,Subclass,Target,MoA,drug_class_drugs.com,drug_class_drugs.com2,Subclass_KEGG,Subclass2
Busulfan,Standard Chemotherapy,Alkylating agents,DNA,DNA alkylation,alkylating agents,,Alkyl sulfonate,DNAorRNA
Canfosfamide,Standard Chemotherapy,Alkylating agents,GSTP1,DNA,alkylating agents,,Nitrogen mustard analogue,DNAorRNA
Carboplatin,Standard Chemotherapy,Alkylating agents,DNA,DNA,alkylating agents,,Platinum compound,DNAorRNA
Carmustine,Standard Chemotherapy,Alkylating agents,DNA,DNA repair,alkylating agents,,Nitrosourea,DNAorRNA
Chlorambucil,Standard Chemotherapy,Alkylating agents,DNA,DNA,alkylating agents,,Nitrogen mustard analogue,DNAorRNA
Cisplatin,Standard Chemotherapy,Alkylating agents,DNA,DNA,alkylating agents,,Platinum compound,DNAorRNA
Cyclophosphamide,Standard Chemotherapy,Alkylating agents,DNA,DNA,alkylating agents,,Nitrogen mustard analogue,DNAorRNA
Dacarbazine,Standard Chemotherapy,Alkylating agents,DNA_PGD_POLA2,DNA,alkylating agents,,Triazene,DNAorRNA
Fotemustine,Standard Chemotherapy,Alkylating agents,TXNRD1,,alkylating agents,,Nitrosourea,DNAorRNA
Lomustine,Standard Chemotherapy,Alkylating agents,DNA,DNA,alkylating agents,,Nitrosourea,DNAorRNA
Melphalan,Standard Chemotherapy,Alkylating agents,DNA,DNA,alkylating agents,,Nitrogen mustard analogue,DNAorRNA
Oxaliplatin,Standard Chemotherapy,Alkylating agents,DNA,DNA,alkylating agents,,Platinum compound,DNAorRNA
Temozolomide,Standard Chemotherapy,Alkylating agents,DNA,DNA,alkylating agents,,Triazene,DNAorRNA
Trabectedin,Standard Chemotherapy,Alkylating agents,DNA,DNA,alkylating agents,,Other,DNAorRNA
2-Methoxyestradiol,Standard Chemotherapy,Angiogenesis inhibitor,COMT_CYP19A1_CYP1A1_HIF1A_TUBB,Angiogenesis inhibitor,,,Mitotic inhibitor,Angiogenesis inhibitor
Trebananib,Targeted Therapy,Angiogenesis inhibitor,,,,,Peptibody,Angiogenesis inhibitor
Daunorubicin,Standard Chemotherapy,Antibiotics/antineoplastics,DNA_TOP2A_TOP2B,DNA_Topoisomerase inhibitor,Antibiotics/antineoplastics,,Antibiotic,DNAorRNA
Doxorubicin,Standard Chemotherapy,Antibiotics/antineoplastics,DNA,DNA_Topoisomerase inhibitor,Antibiotics/antineoplastics,,Topoisomerase II inhibitor,DNAorRNA
Epirubicin,Standard Chemotherapy,Antibiotics/antineoplastics,CHD1_DNA_TOP2A,DNA_Topoisomerase inhibitor,Antibiotics/antineoplastics,,Antibiotic,DNAorRNA
Idarubicin,Standard Chemotherapy,Antibiotics/antineoplastics,DNA_TOP2A_TOP2B,DNA_Topoisomerase inhibitor,Antibiotics/antineoplastics,,Antibiotic,DNAorRNA
Mitomycin,Standard Chemotherapy,Antibiotics/antineoplastics,DNA,DNA,Antibiotics/antineoplastics,,Antibiotic,DNAorRNA
Mitoxantrone,Standard Chemotherapy,Antibiotics/antineoplastics,DNA_TOP2A,DNA_Topoisomerase inhibitor,Antibiotics/antineoplastics,,Antibiotic,DNAorRNA
Sabarubicin,Standard Chemotherapy,Antibiotics/antineoplastics,DNA_TOP2A_TOP2B,DNA_Topoisomerase inhibitor,Antibiotics/antineoplastics,,Antibiotic,DNAorRNA
2-Deoxyinosine,Standard Chemotherapy,Antimetabolites,PNP,thymidine phosphorylase modulator,Antimetabolites,,Purine analog,DNAorRNA
Azacitidine,Standard Chemotherapy,Antimetabolites,DNA_RNA,DNA methyltransferase inhibitor,Miscellaneous antineoplastics,,Pyrimidine analog,DNAorRNA
Capecitabine,Standard Chemotherapy,Antimetabolites,TYMS,DNA synthesis inhibitor,Antimetabolites,,Pyrimidine analog,DNAorRNA
Clofarabine,Standard Chemotherapy,Antimetabolites,DNA_POLA1_RRM,DNA,Antimetabolites,,Purine analog,DNAorRNA
Cytarabine,Standard Chemotherapy,Antimetabolites,DNA_ALB_POLB,DNA,Antimetabolites,,Pyrimidine analog,DNAorRNA
Decitabine,Standard Chemotherapy,Antimetabolites,DNMT1,,Antimetabolites,,Pyrimidine analog,DNAorRNA
Fludarabine,Standard Chemotherapy,Antimetabolites,ADA,,Antimetabolites,,Purine analog,DNAorRNA
Fluorouracil,Standard Chemotherapy,Antimetabolites,DNA_RNA_TYMS,DNA,Antimetabolites,,Pyrimidine analog,DNAorRNA
Gemcitabine,Standard Chemotherapy,Antimetabolites,CMPK1_RRM1_TYMS,,Antimetabolites,,Pyrimidine analog,DNAorRNA
Pemetrexed,Standard Chemotherapy,Antimetabolites,DHFR_GART_TYMS,Receptor tyrosine kinase inhibitor,Antimetabolites,,Folic acid analog,DNAorRNA
Trifluridine,Standard Chemotherapy,Antimetabolites,DNA_TYMS,DNA,ophthalmic anti-infectives,,Pyrimidine analog,DNAorRNA
L744832,Targeted Therapy,Farnesyltransferase inhibitor,FNTA,Farnesyltransferase inhibitor,,,Farnesyltransferase inhibitor,Farnesyltransferase inhibitor
Lonafarnib,Targeted Therapy,Farnesyltransferase inhibitor,FNTA,Farnesyltransferase inhibitor,,,Farnesyltransferase inhibitor,Farnesyltransferase inhibitor
Tipifarnib,Targeted Therapy,Farnesyltransferase inhibitor,FNTA,farnesyltransferase inhibitor,,,Farnesyltransferase inhibitor,Farnesyltransferase inhibitor
Romidepsin,Targeted Therapy,Histone Deacetylase Inhibitor,HDACs,Histone Deacetylase Inhibitor,histone deacetylase inhibitors,,Histone Deacetylase Inhibitor,Histone Deacetylase Inhibitor
Sodium butyrate,Targeted Therapy,Histone Deacetylase Inhibitor,HDACs,Histone Deacetylase Inhibitor,,,Histone Deacetylase Inhibitor,Histone Deacetylase Inhibitor
Tubacin,Targeted Therapy,Histone Deacetylase Inhibitor,HDACs,Histone Deacetylase Inhibitor,,,Histone Deacetylase Inhibitor,Histone Deacetylase Inhibitor
Vorinostat,Targeted Therapy,Histone Deacetylase Inhibitor,HDACs,Histone deacetylase inhibitor,histone deacetylase inhibitors,,Histone deacetylase inhibitor,Histone Deacetylase Inhibitor
Abiraterone,Standard Chemotherapy,Hormone related,CYP17A1,Androgen receptor antagonist,Miscellaneous antineoplastics,,Other hormone antagonist,hormone related
Anastrozole,Standard Chemotherapy,Hormone related,CYP19A1,Aromatase inhibitor,Aromatase inhibitors,Hormones / antineoplastics,Aromatase inhibitor,hormone related
Arzoxifene,Standard Chemotherapy,Hormone related,ESRs,Antiestrogen,,,Estrogen antagonist,hormone related
Dexamethasone,Standard Chemotherapy,Hormone related,NR3C1,,glucocorticoids,,Antidote (Hormone),hormone related
Exemestane,Standard Chemotherapy,Hormone related,CYP19A1,Aromatase inhibitor,Aromatase inhibitors,Hormones / antineoplastics,Aromatase inhibitor,hormone related
Fulvestrant,Standard Chemotherapy,Hormone related,ESR1,Antiestrogen,Estrogen receptor antagonists,Hormones / antineoplastics,Estrogen antagonist,hormone related
Letrozole,Standard Chemotherapy,Hormone related,CYP19A1,Aromatase inhibitor,Aromatase inhibitors,Hormones / antineoplastics,Aromatase inhibitor,hormone related
Prednisone,Standard Chemotherapy,Hormone related,ANXA1_HSD11B1_NR3C1,Receptor tyrosine kinase inhibitor,glucocorticoids,,Corticosteroid,hormone related
Tamoxifen,Standard Chemotherapy,Hormone related,ESR1_ESR2,Antiestrogen,Hormones / antineoplastics,Selective estrogen receptor modulators,Estrogen antagonist,hormone related
Toremifene,Standard Chemotherapy,Hormone related,ESR1,Antiestrogen,Hormones / antineoplastics,Selective estrogen receptor modulators,Estrogen antagonist,hormone related
Anakinra,Other drug,Immune,IL1 receptor activitor,Angiogenesis inhibitor,antirheumatics,,Interleukin-1 type I receptor antagonist,Immune
IL-27,Targeted Therapy,Immune,OPRK1_OPRM1_SLC6A2_SLC6A4,,,,Immune,Immune
Interferon alfa-2a,Targeted Therapy,Immune,FGFR2,,,,Immune modulator,Immune
Lenalidomide,Targeted Therapy,Immune,CRBN,,Miscellaneous antineoplastics,Other immunosuppressants,Nonspecific immunomodulation,Immune
Peginterferon alfa-2b,Targeted Therapy,Immune,IFNAR1_IFNAR2,Receptor tyrosine kinase inhibitor,Antineoplastic interferons,Antiviral interferons,Interferons,Immune
Thalidomide,Targeted Therapy,Immune,CRBN,,Miscellaneous antineoplastics,Other immunosuppressants;Leprostatics,Nonspecific immunomodulation,Immune
Aldesleukin,Targeted Therapy,Immune,IL2 receptor activitor,immunoregulatory ,interleukins,,Interleukin,Immune
Brentuximab vedotin,Targeted Therapy,Immune,anti-CD30_tubulin,monoclonal antibody,CD30 monoclonal antibodies,,Monoclonal antibody,MABs
Ganitumab,Targeted Therapy,Immune,IGF1R,,,,Monoclonal antibody,MABs
Gemtuzumab ozogamicin,Targeted Therapy,Immune,CD33_C1QA_C1QB_C1QC_C1R_C1S_FCGR1A_FCGR2A_FCGR2B_FCGR3A_FCGR3B,,CD33 monoclonal antibodies,,Monoclonal antibody,MABs
Ibritumomab tiuxetan,Targeted Therapy,Immune,C1QA_C1QB_C1QC_C1R_C1S_FCGR1A_FCGR2A_FCGR2B_FCGR3A_FCGR3B_MS4A1,,CD20 monoclonal antibodies,Radiologic conjugating agents,Monoclonal antibody,MABs
Ipilimumab,Targeted Therapy,Immune,CTLA4,,anti-CTLA-4 monoclonal antibodies,,Monoclonal antibody,MABs
Lintuzumab,Targeted Therapy,Immune,CD33,,,,Monoclonal antibody,MABs
Rituximab,Targeted Therapy,Immune,C1S_C1QC_C1R_C1QB_C1QA_FCGR1A_FCGR2A_FCGR2B_FCGR3A_FCGR3B_MS4A1,,CD20 monoclonal antibodies,Antirheumatics,Monoclonal antibody,MABs
Teprotumumab,Targeted Therapy,Immune,IGF1R,,,,antibody,MABs
ABT-751,Standard Chemotherapy,Mitotic inhibitors,TUBBs,antimitotic sulfonamide,,,Microtubule polymer stabilizer,Microtubule &  Mitotic
Cabazitaxel,Standard Chemotherapy,Mitotic inhibitors,TUBBs,microtubule inhibitor,mitotic inhibitors,,Microtubule polymer stabilizer,Microtubule &  Mitotic
Discodermolide,Standard Chemotherapy,Mitotic inhibitors,TUBBs,Microtubule polymer stabilizer,,,Microtubule polymer stabilizer,Microtubule &  Mitotic
Docetaxel,Standard Chemotherapy,Mitotic inhibitors,TUBB1_BCL2_MAP2_MAP4_MAPT_NR1I2,Microtubule polymer stabilizer,mitotic inhibitors,,Microtubule polymer stabilizer,Microtubule &  Mitotic
Etoposide,Standard Chemotherapy,Mitotic inhibitors,DNA,DNA_Topoisomerase inhibitor,mitotic inhibitors,,Topoisomerase II inhibitor,DNAorRNA
Ixabepilone,Standard Chemotherapy,Mitotic inhibitors,TUBBs,,mitotic inhibitors,,Antibiotic,Microtubule &  Mitotic
Methoxsalen,Standard Chemotherapy,Mitotic inhibitors,DNA,DNA,psoralens,,DNA,DNAorRNA
Paclitaxel,Standard Chemotherapy,Mitotic inhibitors,TUBB1_BCL2_NR1I2_MAPT_MAP2_MAP4,AKT Inhibitor,mitotic inhibitors,,Microtubule polymer stabilizer,Microtubule &  Mitotic
Peloruside A,Standard Chemotherapy,Mitotic inhibitors,TUBBs,Receptor tyrosine kinase inhibitor,,,Microtubule polymer stabilizer,Microtubule &  Mitotic
Taxane,Standard Chemotherapy,Mitotic inhibitors,NFKB1,Mitotic inhibitor,,,Mitotic inhibitor,Microtubule &  Mitotic
Vinorelbine,Standard Chemotherapy,Mitotic inhibitors,TUBBs,Mitotic inhibitor,mitotic inhibitors,,Mitotic inhibitor,Microtubule &  Mitotic
Everolimus,Targeted Therapy,MTOR inhibitors,MTOR,mTOR kinase inhibitor,MTOR inhibitors,Selective immunosuppressants,mTOR kinase inhibitor,mTOR kinase inhibitor
Sirolimus,Targeted Therapy,MTOR inhibitors,FGF2_FKBP1A_MTOR,mTOR kinase inhibitor,MTOR inhibitors,Selective immunosuppressants,mTOR kinase inhibitor,mTOR kinase inhibitor
Temsirolimus,Targeted Therapy,MTOR inhibitors,MTOR,mTOR kinase inhibitor,MTOR inhibitors,,mTOR kinase inhibitor,mTOR kinase inhibitor
Irinotecan,Standard Chemotherapy,Other DNAorRNA related,DNA,DNA_Topoisomerase inhibitor,Miscellaneous antineoplastics,,Topoisomerase I inhibitor,DNAorRNA
O6-benzylguanine,Standard Chemotherapy,Other DNAorRNA related,MGMT,,,,guanine analogue,DNAorRNA
Sorivudine,Standard Chemotherapy,Other DNAorRNA related,DNA,,,,DNA polymerase inhibitor,DNAorRNA
Topotecan,Standard Chemotherapy,Other DNAorRNA related,DNA,DNA_Topoisomerase inhibitor,Miscellaneous antineoplastics,,Topoisomerase I inhibitor,DNAorRNA
17-DMAG,Other drug,Others,HSP90AB1,HSP90inhibitor,,,heat shock protein inhibitor,HSP90inhibitor
ABT-737,Other drug,Others,BCL2,BCL2inhibitor,,,BCL inhibitor,BCL inhibitor
Aminophylline,Standard Chemotherapy,Others,ADORA1_HDAC2_PDE3A,"adenosine receptor antagonist, Phosphodiesterase Inhibitors",Methylxanthines,,"adenosine receptor antagonist, Phosphodiesterase Inhibitors","adenosine receptor antagonist, Phosphodiesterase Inhibitors"
Arsenic trioxide,Standard Chemotherapy,Others,AKT1_CCND1_CDKN1A_HDAC1_IKBKB_JUN_MAPK1_MAPK3_PML_TXNRD1,Unknown,Miscellaneous antineoplastics,,Other antineoplastic agent,Unknown
Bexarotene,Targeted Therapy,Others,RXRs,retinoid receptor agonist,Miscellaneous antineoplastics,,retinoid receptor agonist,Retinoic acid receptor
Bortezomib,Targeted Therapy,Others,PSMB1_PSMB5,,Proteasome inhibitors,,Proteosome inhibitor,Proteosome inhibitor
Celecoxib,Other drug,Others,PDPK1_PTGS2,Selective COX2 inhibitor,cox-2 inhibitors,,Selective COX2 inhibitor,Selective COX2 inhibitor
CI-1040,Targeted Therapy,Others,AKT1_CHEK1_GSK3B_LCK_MAPK1_MAPK11_MAPK14_MAPK8_PRKCA_ROCK1_SGK1,ATP non-competitive MEK1/2 inhibitor,,,ATP non-competitive MEK1/2 inhibitor,MEK1/2 inhibitor
Emodin,Other drug,Others,CSNK2A1,,,,Unknown,Unknown
Enzastaurin,Targeted Therapy,Others,PRKCB,protein kinases inhibitor,,,protein kinases inhibitor,protein kinases inhibitor
Etodolac,Other drug,Others,PTGS1_PTGS2_RXRA,Selective COX2 inhibitor,Nonsteroidal anti-inflammatory drugs,,Selective COX2 inhibitor,Selective COX2 inhibitor
Fenretinide,Other drug,Others,RARA,Retinoic acid receptor related,,,Retinoic acid receptor modulator,Retinoic acid receptor
Leucovorin,Standard Chemotherapy,Others,TYMS,,Antidotes,,Antidote (Adjuvant  to folic acid antagonists),Antidote
LG100268,Other drug,Others,RARA_RXRB,Retinoic acid receptor related,,,Retinoic acid receptor agonist,Retinoic acid receptor
Lomeguatrib,Standard Chemotherapy,Others,MGMT,MGMT inhibitor,,,MGMT inhibitor,MGMT inhibitor
Midazolam,Other drug,Others,GABRs,GABRs inhibitor,benzodiazepines,,Agonist,GABRs inhibitor
Naloxone,Other drug,Others,OPRM1,,Antidotes,,Opioid receptor antagonist,Opioid receptor related
NU6140,Targeted Therapy,Others,CDK2_CDK4_CDK5_CDK7_EIF2AK2,CDK Inhibitor,,,CDK2 Inhibitor,CDK Inhibitor
Obatoclax,Targeted Therapy,Others,BCL2_BCL2L1_BCL2L2_MCL1,BCL inhibitor,,,BCL inhibitor,BCL inhibitor
Octreotide,Other drug,Others,SSTR1_SSTR2_SSTR5,PARP inhibitor,somatostatin and somatostatin analogs,,Somatostatin receptor agonist,Somatostatin receptor agonist
Olaparib,Targeted Therapy,Others,PARP1_PARP2,Receptor tyrosine kinase inhibitor,PARP inhibitors,,PARP inhibitor,PARP inhibitor
Oxycodone,Other drug,Others,OPRD1_OPRK1_OPRM1_ORM1,Receptor tyrosine kinase inhibitor,narcotic analgesics,,Opioid receptor agonist,Opioid receptor related
Perifosine,Targeted Therapy,Others,AKT1,Receptor tyrosine kinase inhibitor,,,AKT Inhibitor,AKT Inhibitor
Phenoxodiol,Standard Chemotherapy,Others,ENOX2_SPHK2,Receptor tyrosine kinase inhibitor,,,signal transduction inhibitor,signal transduction inhibitor
Plitidepsin,Standard Chemotherapy,Others,VEGFA,Receptor tyrosine kinase inhibitor,,,cyclodepsipeptide,Unknown
Rifampin,Other drug,Others,SLCO1A2_ALB_CYP51A1_NR1I2,,rifamycin derivatives,,Antibiotic,Antibiotic
Romiplostim,Other drug,Others,C1S,,platelet-stimulating agents,,Thrombopoietin receptor agonist,Thrombopoietin receptor agonist
SC144,Standard Chemotherapy,Others,RRM2,GP130 inhibitor,,,GP130 inhibitor,GP130 inhibitor
SCH 900776,Targeted Therapy,Others,CHEK1,CHK1 Inhibitor,,,CHK1 Inhibitor,CHK1 Inhibitor
Tretinoin,Standard Chemotherapy,Others,RARA_RARB_RARG,Retinoic acid receptor related,topical acne agents,,Retinoic acid receptor agonist,Retinoic acid receptor
Trichostatin A,Standard Chemotherapy,Others,HDAC1_HDAC2,,,,Antibiotic,Antibiotic
Trientine,Other drug,Others,,,chelating agents,,Antidote,Antidote
Zibotentan,Other drug,Others,EDNRA,endothelin receptor antagonist,,,endothelin receptor antagonist,endothelin receptor antagonist
Carvedilol,Other drug,OtherSymptoms,ADRAs,anti Hypertensice,non-cardioselective beta blockers,,beta blocker,OtherSymptoms
Chenodeoxycholic acid,Other drug,OtherSymptoms,NR1H4,Anticholelithogenic agent,gallstone solubilizing agents,,Anticholelithogenic agent,OtherSymptoms
Diphenhydramine,Other drug,OtherSymptoms,CHRM2_HRH1,H1-receptor antagonist,anticholinergic antiemetics,"Anticholinergic antiparkinson agents; Antihistamines; Miscellaneous anxiolytics, sedatives and hypnotics",H1-receptor antagonist,OtherSymptoms
Enalapril,Other drug,OtherSymptoms,ACE,Antihypertensive agent,Angiotensin Converting Enzyme Inhibitors,,Antihypertensive agent,OtherSymptoms
Ketoconazole,Other drug,OtherSymptoms,CYP51A1,Ergosterol biosynthesis inhibitor,Azole antifungals,,Ergosterol biosynthesis inhibitor,OtherSymptoms
Lansoprazole,Other drug,OtherSymptoms,ATP4A,Antiulcer agent,proton pump inhibitors,,Antiulcer agent,OtherSymptoms
Metformin,Other drug,OtherSymptoms,ACACB_PRKAB1,,non-sulfonylureas,,AMP kinase activator,OtherSymptoms
Pregabalin,Other drug,OtherSymptoms,CACNA1A_CACNA2D1,Receptor tyrosine kinase inhibitor,gamma-aminobutyric acid analogs,,Anticonvulsant agent,OtherSymptoms
Procainamide,Other drug,OtherSymptoms,DNMT1_SCN5A,Mitotic inhibitor,group I antiarrhythmics,,Antiarrhythmic agent,OtherSymptoms
Propranolol,Other drug,OtherSymptoms,ADRB1_ADRB2_ADRB3_HTR1A_HTR1B,Phosphodiesterase inhibitor,Non-cardioselective beta blockers,Group II antiarrhythmics,Antiarrhythmic agent,OtherSymptoms
Rosiglitazone,Other drug,OtherSymptoms,PPARG,,thiazolidinediones,,PPAR gamma agonist,OtherSymptoms
Simvastatin,Other drug,OtherSymptoms,HMGCR,Antihyperlipidemic agent,statins,,Antihyperlipidemic agent,OtherSymptoms
Theophylline,Other drug,OtherSymptoms,HDAC2_ADORA1_ADORA2A_ADORA2B_PDE3A_PDE4A_PDE4B_PDE5A,Phosphodiesterase inhibitor,Methylxanthines,,Phosphodiesterase inhibitor,OtherSymptoms
Trimidox,Other drug,OtherSymptoms,RRM1,ribonucleotide reductase inhibitor of,,,ribonucleotide reductase inhibitor of,OtherSymptoms
Valproic Acid,Other drug,OtherSymptoms,ABAT_ACADSB_ALDH5A1_HDAC2_HDAC9_OGDH_SCN1A,,,,Anticonvulsant agent,OtherSymptoms
Vitamin D2,Other drug,OtherSymptoms,VDR,,vitamins,,Vitamin D receptor agonist,OtherSymptoms
Zoledronic acid,Other drug,OtherSymptoms,FDPS_GGPS1,,bisphosphonates,,Bisphosphonate,OtherSymptoms
AEE788,Targeted Therapy,TKIs & RTKIs,EGFR_HER2_VEGF2,Receptor tyrosine kinase inhibitor,,,Receptor tyrosine kinase inhibitor,Tyrosine kinase & receptor
Afatinib,Targeted Therapy,TKIs & RTKIs,EGFR_ERBB2_ERBB4,,multikinase inhibitors,,Receptor tyrosine kinase inhibitor,Tyrosine kinase & receptor
Aflibercept,Targeted Therapy,TKIs & RTKIs,KDR,Angiogenesis inhibitor,anti-angiogenic ophthalmic agents,,Tyrosine kinase inhibitor,Angiogenesis inhibitor
Axitinib,Targeted Therapy,TKIs & RTKIs,VEGF_PDGF,Receptor tyrosine kinase inhibitor,multikinase inhibitors,VEGF/VEGFR inhibitors,Receptor tyrosine kinase inhibitor,Tyrosine kinase & receptor
Bevacizumab,Targeted Therapy,TKIs & RTKIs,VEGF inhibitor,Angiogenesis inhibitor,VEGF/VEGFR inhibitors,,Monoclonal antibody,MABs
Bosutinib,Targeted Therapy,TKIs & RTKIs,Abl-Src inhibitor,dual kinase inhibitor,BCR-ABL tyrosine kinase inhibitors,,Tyrosine kinase inhibitor,Tyrosine kinase & receptor
Cediranib,Targeted Therapy,TKIs & RTKIs,VEGFRs inhibitor,Receptor tyrosine kinase inhibitor,,,Receptor tyrosine kinase inhibitor,Tyrosine kinase & receptor
Cetuximab,Targeted Therapy,TKIs & RTKIs,EGFR,EGFR inhibitor,EGFR inhibitors,,Monoclonal antibody,MABs
Dasatinib,Targeted Therapy,TKIs & RTKIs,ABL1_ABL2_EPHA2_KIT_LCK_PDGFRB_SRC_YES1,Receptor tyrosine kinase inhibitor,BCR-ABL tyrosine kinase inhibitors,,Receptor tyrosine kinase inhibitor,Tyrosine kinase & receptor
Erlotinib,Targeted Therapy,TKIs & RTKIs,EGFR_ERBB2,Receptor tyrosine kinase inhibitor,EGFR inhibitors,,Receptor tyrosine kinase inhibitor,Tyrosine kinase & receptor
Gefitinib,Targeted Therapy,TKIs & RTKIs,EGFR_AKT1,Receptor tyrosine kinase inhibitor,EGFR inhibitors,,Receptor tyrosine kinase inhibitor,Tyrosine kinase & receptor
Genistein,Targeted Therapy,TKIs & RTKIs,PPARG,Tyrosine kinase inhibitor,,,Tyrosine kinase inhibitor,Tyrosine kinase & receptor
Imatinib,Targeted Therapy,TKIs & RTKIs,ABL1_BCR_KIT_PDGFRA_PDGFRB,Receptor tyrosine kinase inhibitor,BCR-ABL tyrosine kinase inhibitors,,Receptor tyrosine kinase inhibitor,Tyrosine kinase & receptor
Lapatinib,Targeted Therapy,TKIs & RTKIs,EGFR_ERBB2,Receptor tyrosine kinase inhibitor,EGFR inhibitors,HER2 inhibitors,Receptor tyrosine kinase inhibitor,Tyrosine kinase & receptor
Linifanib,Targeted Therapy,TKIs & RTKIs,CSF1_CSF1R_FLT1_FLT3_FLT4_KDR_KIT_PDGFRA_PDGFRB,Receptor tyrosine kinase inhibitor,,,Receptor tyrosine kinase inhibitor,Tyrosine kinase & receptor
Midostaurin,Targeted Therapy,TKIs & RTKIs,FGR_FLT1_FLT3_KDR_KIT_PDGFRA_PDGFRB_PRKCA_PRKCG,Tyrosine kinase inhibitor,multikinase inhibitors,,Tyrosine kinase inhibitor,Tyrosine kinase & receptor
Neratinib,Targeted Therapy,TKIs & RTKIs,EGFR_ERBB2,Receptor tyrosine kinase inhibitor,EGFR inhibitors,HER2 inhibitors,Receptor tyrosine kinase inhibitor,Tyrosine kinase & receptor
Pazopanib,Targeted Therapy,TKIs & RTKIs,CSF1R_FLT1_FLT3_KDR_KIT_PDGFRA_PDGFRB,mTOR kinase inhibitor,VEGF/VEGFR inhibitors,,Receptor tyrosine kinase inhibitor,Tyrosine kinase & receptor
Pertuzumab,Targeted Therapy,TKIs & RTKIs,ERBB2,Receptor tyrosine kinase inhibitor,HER2 inhibitors,,Monoclonal antibody,MABs
Sorafenib,Targeted Therapy,TKIs & RTKIs,BRAF_FGFR1_FLT1_FLT3_FLT4_KDR_KIT_PDGFRB_RAF1_RET,Receptor tyrosine kinase inhibitor,multikinase inhibitors,VEGF/VEGFR inhibitors,Receptor tyrosine kinase inhibitor,Tyrosine kinase & receptor
Sunitinib,Targeted Therapy,TKIs & RTKIs,CSF1R_FLT1_FLT3_FLT4_KDR_KIT_PDGFRA_PDGFRB_RET,Receptor tyrosine kinase inhibitor,multikinase inhibitors,VEGF/VEGFR inhibitors,Receptor tyrosine kinase inhibitor,Tyrosine kinase & receptor
Trastuzumab,Targeted Therapy,TKIs & RTKIs,C1R_C1QB_C1QC_C1QA_C1S_EGFR_ERBB2_FCGR1A_FCGR2A_FCGR2B_FCGR3A_FCGR3B,,HER2 inhibitors,,Monoclonal antibody,MABs
Vandetanib,Targeted Therapy,TKIs & RTKIs,EGFR_KDR,Receptor tyrosine kinase inhibitor,fatty acid derivative anticonvulsants,,Receptor tyrosine kinase inhibitor,Tyrosine kinase & receptor
