A,B,rank_position,max_rank
Capecitabine,Docetaxel,76,150
Capecitabine,Enzastaurin,119,150
Capecitabine,Imatinib,82,150
Capecitabine,Lapatinib,119,150
Capecitabine,Sorafenib,44,150
Carvedilol,Enalapril,1,150
Docetaxel,Doxorubicin,14,150
Docetaxel,Epirubicin,24,150
Docetaxel,Erlotinib,101,150
Docetaxel,Gemcitabine,96,150
Docetaxel,Prednisone,75,150
Docetaxel,Zibotentan,91,150
Doxorubicin,Sorafenib,27,150
Erlotinib,Pemetrexed,23,150
Imatinib,Sirolimus,46,150
Imatinib,Vorinostat,52,150
Lapatinib,Pazopanib,42,150
Mitoxantrone,Prednisone,34,150
Prednisone,Thalidomide,73,150
Sorafenib,Carboplatin,26,150
